Time,Robot_x1,Robot_y1,Robot_x2,Robot_y2,Robot_x3,Robot_y3,Robot_x4,Robot_y4,Robot_x5,Robot_y5
0.0050000000000000044,0.0,0.0,0.0,0.0,0.0,0.0,0.0,0.0,0.0,0.0
0.10800000000000001,0.0,0.0,0.0,0.0,0.0,0.0,0.0,0.0,0.0,0.0
0.144,0.0,0.0,0.0,0.0,0.0,0.0,0.0,0.0,0.0,0.0
0.19099999999999998,0.0,0.0,0.0,0.0,0.0,0.0,0.0,0.0,0.0,0.0
0.23500000000000001,0.0,0.0,0.0,0.0,0.0,0.0,0.0,0.0,0.0,0.0
0.279,0.0,0.0,0.0,0.0,0.0,0.0,0.0,0.0,0.0,0.0
0.30500000000000005,0.0,0.0,0.0,0.0,0.0,0.0,0.0,0.0,0.0,0.0
0.32000000000000006,0.0,0.0,0.0,0.0,0.0,0.0,0.0,0.0,0.0,0.0
0.384,0.0,0.0,0.0,0.0,0.0,0.0,0.0,0.0,0.0,0.0
0.44200000000000006,0.0,0.0,0.0,0.0,0.0,0.0,0.0,0.0,0.0,0.0
0.49,0.0,0.0,0.0,0.0,0.0,0.0,0.0,0.0,0.0,0.0
0.521,0.0,0.0,0.0,0.0,0.0,0.0,0.0,0.0,0.0,0.0
0.5830000000000001,0.0,0.0,0.0,0.0,0.0,0.0,0.0,0.0,0.0,0.0
0.643,0.0,0.0,0.0,0.0,0.0,0.0,0.0,0.0,0.0,0.0
0.677,0.0,0.0,0.0,0.0,0.0,0.0,0.0,0.0,0.0,0.0
0.7100000000000001,0.0,0.0,0.0,0.0,0.0,0.0,0.0,0.0,0.0,0.0
0.781,0.0,0.0,0.0,0.0,0.0,0.0,0.0,0.0,0.0,0.0
0.856,0.0,0.0,0.0,0.0,0.0,0.0,0.0,0.0,0.0,0.0
0.916,0.0,0.0,0.0,0.0,0.0,0.0,0.0,0.0,0.0,0.0
0.983,0.0,0.0,0.0,0.0,0.0,0.0,0.0,0.0,0.0,0.0
1.0399999999999998,0.0,0.0,0.0,0.0,0.0,0.0,0.0,0.0,0.0,0.0
1.093,0.0,0.0,0.0,0.0,0.0,0.0,0.0,0.0,0.0,0.0
1.151,0.0,0.0,0.0,0.0,0.0,0.0,0.0,0.0,0.0,0.0
1.2129999999999999,0.0,0.0,0.0,0.0,0.0,0.0,0.0,0.0,0.0,0.0
1.268,0.0,0.0,0.0,0.0,0.0,0.0,0.0,0.0,0.0,0.0
1.341,0.0,0.0,0.0,0.0,0.0,0.0,0.0,0.0,0.0,0.0
1.413,0.0,0.0,0.0,0.0,0.0,0.0,0.0,0.0,0.0,0.0
1.4749999999999999,0.0,0.0,0.0,0.0,0.0,0.0,0.0,0.0,0.0,0.0
1.535,0.0,0.0,0.0,0.0,0.0,0.0,0.0,0.0,0.0,0.0
1.5969999999999998,0.0,0.0,0.0,0.0,0.0,0.0,0.0,0.0,0.0,0.0
1.66,0.0,0.0,0.0,0.0,0.0,0.0,0.0,0.0,0.0,0.0
1.7169999999999999,0.0,0.0,0.0,0.0,0.0,0.0,0.0,0.0,0.0,0.0
1.772,0.0,0.0,0.0,0.0,0.0,0.0,0.0,0.0,0.0,0.0
1.8269999999999997,0.0,0.0,0.0,0.0,0.0,0.0,0.0,0.0,0.0,0.0
1.893,0.0,0.0,0.0,0.0,0.0,0.0,0.0,0.0,0.0,0.0
1.961,0.0,0.0,0.0,0.0,0.0,0.0,0.0,0.0,0.0,0.0
2.019,0.0,0.0,0.0,0.0,0.0,0.0,0.0,0.0,0.0,0.0
2.083,0.0,0.0,0.0,0.0,0.0,0.0,0.0,0.0,0.0,0.0
2.1380000000000003,0.0,0.0,0.0,0.0,0.0,0.0,0.0,0.0,0.0,0.0
2.192,0.0,0.0,0.0,0.0,0.0,0.0,0.0,0.0,0.0,0.0
2.248,0.0,0.0,0.0,0.0,0.0,0.0,0.0,0.0,0.0,0.0
2.3080000000000003,0.0,0.0,0.0,0.0,0.0,0.0,0.0,0.0,0.0,0.0
2.365,0.0,0.0,0.0,0.0,0.0,0.0,0.0,0.0,0.0,0.0
2.4280000000000004,0.0,0.0,0.0,0.0,0.0,0.0,0.0,0.0,0.0,0.0
2.4810000000000003,0.0,0.0,0.0,0.0,0.0,0.0,0.0,0.0,0.0,0.0
2.5370000000000004,0.0,0.0,0.0,0.0,0.0,0.0,0.0,0.0,0.0,0.0
2.591,0.0,0.0,0.0,0.0,0.0,0.0,0.0,0.0,0.0,0.0
2.65,0.0,0.0,0.0,0.0,0.0,0.0,0.0,0.0,0.0,0.0
2.705,0.0,0.0,0.0,0.0,0.0,0.0,0.0,0.0,0.0,0.0
2.774,0.0,0.0,0.0,0.0,0.0,0.0,0.0,0.0,0.0,0.0
2.8320000000000003,0.0,0.0,0.0,0.0,0.0,0.0,0.0,0.0,0.0,0.0
2.8890000000000002,0.0,0.0,0.0,0.0,0.0,0.0,0.0,0.0,0.0,0.0
2.946,0.0,0.0,0.0,0.0,0.0,0.0,0.0,0.0,0.0,0.0
3.007,0.0,0.0,0.0,0.0,0.0,0.0,0.0,0.0,0.0,0.0
3.063,0.0,0.0,0.0,0.0,0.0,0.0,0.0,0.0,0.0,0.0
3.1220000000000003,0.0,0.0,0.0,0.0,0.0,0.0,0.0,0.0,0.0,0.0
3.18,0.0,0.0,0.0,0.0,0.0,0.0,0.0,0.0,0.0,0.0
3.237,0.0,0.0,0.0,0.0,0.0,0.0,0.0,0.0,0.0,0.0
3.294,0.0,0.0,0.0,0.0,0.0,0.0,0.0,0.0,0.0,0.0
3.353,0.0,0.0,0.0,0.0,0.0,0.0,0.0,0.0,0.0,0.0
3.407,0.0,0.0,0.0,0.0,0.0,0.0,0.0,0.0,0.0,0.0
3.461,0.0,0.0,0.0,0.0,0.0,0.0,0.0,0.0,0.0,0.0
3.519,0.0,0.0,0.0,0.0,0.0,0.0,0.0,0.0,0.0,0.0
3.58,0.0,0.0,0.0,0.0,0.0,0.0,0.0,0.0,0.0,0.0
3.6430000000000002,0.0,0.0,0.0,0.0,0.0,0.0,0.0,0.0,0.0,0.0
3.711,0.0,0.0,0.0,0.0,0.0,0.0,0.0,0.0,0.0,0.0
3.7760000000000002,0.0,0.0,0.0,0.0,0.0,0.0,0.0,0.0,0.0,0.0
3.8320000000000003,0.0,0.0,0.0,0.0,0.0,0.0,0.0,0.0,0.0,0.0
3.8880000000000003,0.0,0.0,0.0,0.0,0.0,0.0,0.0,0.0,0.0,0.0
3.9520000000000004,0.0,0.0,0.0,0.0,0.0,0.0,0.0,0.0,0.0,0.0
4.01,0.0,0.0,0.0,0.0,0.0,0.0,0.0,0.0,0.0,0.0
4.071,0.0,0.0,0.0,0.0,0.0,0.0,0.0,0.0,0.0,0.0
4.13,0.0,0.0,0.0,0.0,0.0,0.0,0.0,0.0,0.0,0.0
4.201,0.0,0.0,0.0,0.0,0.0,0.0,0.0,0.0,0.0,0.0
4.274,0.0,0.0,0.0,0.0,0.0,0.0,0.0,0.0,0.0,0.0
4.342,0.0,0.0,0.0,0.0,0.0,0.0,0.0,0.0,0.0,0.0
4.41,0.0,0.0,0.0,0.0,0.0,0.0,0.0,0.0,0.0,0.0
4.476,0.0,0.0,0.0,0.0,0.0,0.0,0.0,0.0,0.0,0.0
4.5489999999999995,0.0,0.0,0.0,0.0,0.0,0.0,0.0,0.0,0.0,0.0
4.616,0.0,0.0,0.0,0.0,0.0,0.0,0.0,0.0,0.0,0.0
4.6899999999999995,0.0,0.0,0.0,0.0,0.0,0.0,0.0,0.0,0.0,0.0
4.7509999999999994,0.0,0.0,0.0,0.0,0.0,0.0,0.0,0.0,0.0,0.0
4.8149999999999995,0.0,0.0,0.0,0.0,0.0,0.0,0.0,0.0,0.0,0.0
4.8839999999999995,0.0,0.0,0.0,0.0,0.0,0.0,0.0,0.0,0.0,0.0
4.9479999999999995,0.0,0.0,0.0,0.0,0.0,0.0,0.0,0.0,0.0,0.0
5.015,0.0,0.0,0.0,0.0,0.0,0.0,0.0,0.0,0.0,0.0
5.093999999999999,0.0,0.0,0.0,0.0,0.0,0.0,0.0,0.0,0.0,0.0
5.167,0.0,0.0,0.0,0.0,0.0,0.0,0.0,0.0,0.0,0.0
5.239,0.0,0.0,0.0,0.0,0.0,0.0,0.0,0.0,0.0,0.0
5.302,0.0,0.0,0.0,0.0,0.0,0.0,0.0,0.0,0.0,0.0
5.367,0.0,0.0,0.0,0.0,0.0,0.0,0.0,0.0,0.0,0.0
5.428,0.0,0.0,0.0,0.0,0.0,0.0,0.0,0.0,0.0,0.0
5.497999999999999,0.0,0.0,0.0,0.0,0.0,0.0,0.0,0.0,0.0,0.0
5.564,0.0,0.0,0.0,0.0,0.0,0.0,0.0,0.0,0.0,0.0
5.630999999999999,0.0,0.0,0.0,0.0,0.0,0.0,0.0,0.0,0.0,0.0
5.7139999999999995,0.0,0.0,0.0,0.0,0.0,0.0,0.0,0.0,0.0,0.0
5.779,0.0,0.0,0.0,0.0,0.0,0.0,0.0,0.0,0.0,0.0
5.845,0.0,0.0,0.0,0.0,0.0,0.0,0.0,0.0,0.0,0.0
5.91,0.0,0.0,0.0,0.0,0.0,0.0,0.0,0.0,0.0,0.0
5.976999999999999,0.0,0.0,0.0,0.0,0.0,0.0,0.0,0.0,0.0,0.0
6.051,0.0,0.0,0.0,0.0,0.0,0.0,0.0,0.0,0.0,0.0
6.116,0.0,0.0,0.0,0.0,0.0,0.0,0.0,0.0,0.0,0.0
6.186,0.0,0.0,0.0,0.0,0.0,0.0,0.0,0.0,0.0,0.0
6.258,0.0,0.0,0.0,0.0,0.0,0.0,0.0,0.0,0.0,0.0
6.326,0.0,0.0,0.0,0.0,0.0,0.0,0.0,0.0,0.0,0.0
6.385999999999999,0.0,0.0,0.0,0.0,0.0,0.0,0.0,0.0,0.0,0.0
6.454,0.0,0.0,0.0,0.0,0.0,0.0,0.0,0.0,0.0,0.0
6.528,0.0,0.0,0.0,0.0,0.0,0.0,0.0,0.0,0.0,0.0
6.598999999999999,0.0,0.0,0.0,0.0,0.0,0.0,0.0,0.0,0.0,0.0
6.657,0.0,0.0,0.0,0.0,0.0,0.0,0.0,0.0,0.0,0.0
6.728,0.0,0.0,0.0,0.0,0.0,0.0,0.0,0.0,0.0,0.0
6.797,0.0,0.0,0.0,0.0,0.0,0.0,0.0,0.0,0.0,0.0
6.8629999999999995,0.0,0.0,0.0,0.0,0.0,0.0,0.0,0.0,0.0,0.0
6.927,0.0,0.0,0.0,0.0,0.0,0.0,0.0,0.0,0.0,0.0
6.997999999999999,0.0,0.0,0.0,0.0,0.0,0.0,0.0,0.0,0.0,0.0
7.069,0.0,0.0,0.0,0.0,0.0,0.0,0.0,0.0,0.0,0.0
7.133,0.0,0.0,0.0,0.0,0.0,0.0,0.0,0.0,0.0,0.0
7.204,0.0,0.0,0.0,0.0,0.0,0.0,0.0,0.0,0.0,0.0
7.265,0.0,0.0,0.0,0.0,0.0,0.0,0.0,0.0,0.0,0.0
7.327,0.0,0.0,0.0,0.0,0.0,0.0,0.0,0.0,0.0,0.0
7.396,0.0,0.0,0.0,0.0,0.0,0.0,0.0,0.0,0.0,0.0
7.465,0.0,0.0,0.0,0.0,0.0,0.0,0.0,0.0,0.0,0.0
7.547,0.0,0.0,0.0,0.0,0.0,0.0,0.0,0.0,0.0,0.0
7.6339999999999995,0.0,0.0,0.0,0.0,0.0,0.0,0.0,0.0,0.0,0.0
7.699,0.0,0.0,0.0,0.0,0.0,0.0,0.0,0.0,0.0,0.0
7.771,0.0,0.0,0.0,0.0,0.0,0.0,0.0,0.0,0.0,0.0
7.836,0.0,0.0,0.0,0.0,0.0,0.0,0.0,0.0,0.0,0.0
7.901,0.0,0.0,0.0,0.0,0.0,0.0,0.0,0.0,0.0,0.0
7.952999999999999,0.0,0.0,0.0,0.0,0.0,0.0,0.0,0.0,0.0,0.0
8.027,0.0,0.0,0.0,0.0,0.0,0.0,0.0,0.0,0.0,0.0
8.097,0.0,0.0,0.0,0.0,0.0,0.0,0.0,0.0,0.0,0.0
8.165,0.0,0.0,0.0,0.0,0.0,0.0,0.0,0.0,0.0,0.0
8.225999999999999,0.0,0.0,0.0,0.0,0.0,0.0,0.0,0.0,0.0,0.0
8.286999999999999,0.0,0.0,0.0,0.0,0.0,0.0,0.0,0.0,0.0,0.0
8.356,0.0,0.0,0.0,0.0,0.0,0.0,0.0,0.0,0.0,0.0
8.426,0.0,0.0,0.0,0.0,0.0,0.0,0.0,0.0,0.0,0.0
8.485999999999999,0.0,0.0,0.0,0.0,0.0,0.0,0.0,0.0,0.0,0.0
8.56,0.0,0.0,0.0,0.0,0.0,0.0,0.0,0.0,0.0,0.0
8.636,0.0,0.0,0.0,0.0,0.0,0.0,0.0,0.0,0.0,0.0
8.702,0.0,0.0,0.0,0.0,0.0,0.0,0.0,0.0,0.0,0.0
8.77,0.0,0.0,0.0,0.0,0.0,0.0,0.0,0.0,0.0,0.0
8.834,0.0,0.0,0.0,0.0,0.0,0.0,0.0,0.0,0.0,0.0
8.899,0.0,0.0,0.0,0.0,0.0,0.0,0.0,0.0,0.0,0.0
8.969999999999999,0.0,0.0,0.0,0.0,0.0,0.0,0.0,0.0,0.0,0.0
9.033,0.0,0.0,0.0,0.0,0.0,0.0,0.0,0.0,0.0,0.0
9.099,0.0,0.0,0.0,0.0,0.0,0.0,0.0,0.0,0.0,0.0
9.168,0.0,0.0,0.0,0.0,0.0,0.0,0.0,0.0,0.0,0.0
9.232,0.0,0.0,0.0,0.0,0.0,0.0,0.0,0.0,0.0,0.0
9.299,0.0,0.0,0.0,0.0,0.0,0.0,0.0,0.0,0.0,0.0
9.369,0.0,0.0,0.0,0.0,0.0,0.0,0.0,0.0,0.0,0.0
9.437999999999999,0.0,0.0,0.0,0.0,0.0,0.0,0.0,0.0,0.0,0.0
9.5,0.0,0.0,0.0,0.0,0.0,0.0,0.0,0.0,0.0,0.0
9.567,0.0,0.0,0.0,0.0,0.0,0.0,0.0,0.0,0.0,0.0
9.638,0.0,0.0,0.0,0.0,0.0,0.0,0.0,0.0,0.0,0.0
9.711,0.0,0.0,0.0,0.0,0.0,0.0,0.0,0.0,0.0,0.0
9.782,0.0,0.0,0.0,0.0,0.0,0.0,0.0,0.0,0.0,0.0
9.853,0.0,0.0,0.0,0.0,0.0,0.0,0.0,0.0,0.0,0.0
9.911999999999999,0.0,0.0,0.0,0.0,0.0,0.0,0.0,0.0,0.0,0.0
9.981,0.0,0.0,0.0,0.0,0.0,0.0,0.0,0.0,0.0,0.0
10.042,0.0,0.0,0.0,0.0,0.0,0.0,0.0,0.0,0.0,0.0
10.110999999999999,0.0,0.0,0.0,0.0,0.0,0.0,0.0,0.0,0.0,0.0
10.177,0.0,0.0,0.0,0.0,0.0,0.0,0.0,0.0,0.0,0.0
10.237,0.0,0.0,0.0,0.0,0.0,0.0,0.0,0.0,0.0,0.0
10.302999999999999,0.0,0.0,0.0,0.0,0.0,0.0,0.0,0.0,0.0,0.0
10.373999999999999,0.0,0.0,0.0,0.0,0.0,0.0,0.0,0.0,0.0,0.0
10.437,0.0,0.0,0.0,0.0,0.0,0.0,0.0,0.0,0.0,0.0
10.507,0.0,0.0,0.0,0.0,0.0,0.0,0.0,0.0,0.0,0.0
10.574,0.0,0.0,0.0,0.0,0.0,0.0,0.0,0.0,0.0,0.0
10.64,0.0,0.0,0.0,0.0,0.0,0.0,0.0,0.0,0.0,0.0
10.702,0.0,0.0,0.0,0.0,0.0,0.0,0.0,0.0,0.0,0.0
10.775,0.0,0.0,0.0,0.0,0.0,0.0,0.0,0.0,0.0,0.0
10.842,0.0,0.0,0.0,0.0,0.0,0.0,0.0,0.0,0.0,0.0
10.901,0.0,0.0,0.0,0.0,0.0,0.0,0.0,0.0,0.0,0.0
10.969,1.0000010876341388,-1.0000100575741748,1.0000087692047783,0.999934520385451,-3.153295758253488e-06,1.0000249040146247,-1.000004710078371,-0.9999625017317814,-1.0000019934647877,1.3134905880363926e-05
11.065,1.0000016006857912,-0.9846732647174352,0.964959656620769,0.9638832877079225,0.0063151082797311305,1.0001770421995755,-0.9857452830945134,-0.9857135128361689,-0.9855310824917779,0.006326447646106212
11.138,1.0000069887695637,-0.9582551962700316,0.9023596602982729,0.9007050694036554,0.017192017049959506,1.0002720489457038,-0.9599466450802553,-0.959929594383012,-0.9596120210375408,0.017207672303684304
11.219999999999999,1.0000320337110764,-0.8954716391140021,0.7523554779014967,0.7499283407803166,0.04301658976300491,1.0004084338038222,-0.8979560065309649,-0.8979503100602584,-0.8974480948446133,0.043085174590121726
11.302999999999999,1.0000871894221475,-0.816797367811376,0.5636107285059606,0.5605042439593191,0.0753527660888491,1.0005478846015807,-0.8198609698286747,-0.8198203308079461,-0.8191897141882827,0.07556557005842218
11.398,1.0077198089285635,-0.7150289294158786,0.2837767250003258,0.30111743296694926,0.12110137580564885,0.9990475540199008,-0.706733608095332,-0.706671043675242,-0.705864301639206,0.12153498610427059
11.485,0.9925158718318525,-0.6174562231406899,0.09545184383906058,0.09215094895494769,0.1527600340231104,0.9927741012459037,-0.6208553776062415,-0.6208069161751599,-0.6198723720877819,0.15333808911499863
11.567,0.9776553267277877,-0.5289225172548644,-0.09492277180601305,-0.09775787149107096,0.18040085610118403,0.9776500918137914,-0.5321211317203984,-0.5321003028909468,-0.53101227930256,0.1811305998230906
11.655999999999999,0.9527146895998584,-0.44958639650439985,-0.24752830537374204,-0.24967348045438897,0.19849877369130045,0.9523913430251618,-0.45247519380769324,-0.4524768893903362,-0.45120996410972364,0.19934542332396327
11.754999999999999,0.9037285229502744,-0.3646367359406532,-0.3759370888620903,-0.377752369787528,0.20521509748837946,0.9031038808735401,-0.3672172612755741,-0.3670834764428212,-0.3657892703009894,0.20636870129746226
11.842,0.8648869369759226,-0.3240842153385044,-0.412924143983896,-0.41510758511147494,0.19982201244826858,0.8642040968903562,-0.32664334702680664,-0.32629404250426974,-0.3251414584134884,0.2012817460638929
11.956,0.7567726137546565,-0.26256113976917606,-0.39777024704628317,-0.39990234816422154,0.1657311284484822,0.7557974021226106,-0.2681308301617328,-0.26756234322472794,-0.26315875796994537,0.1676088840975072
12.072,0.6767599434879286,-0.2401946019489721,-0.32674880475450574,-0.3291297783906201,0.1328443678295039,0.6757045563077858,-0.24222511324003757,-0.2413638121994562,-0.24063039332288913,0.13498363623126255
12.167,0.5715724312184445,-0.22410110338047542,-0.21105808148574634,-0.21351159093294736,0.0869585255671042,0.5704275038191873,-0.224312186561889,-0.2233143963513428,-0.22435143512353983,0.08924143455247521
12.26,0.4903417810606224,-0.21618812903115894,-0.10717656809101128,-0.1106733351864958,0.05164260018596917,0.48953024732312533,-0.2181975148732535,-0.21680783850003185,-0.21661029828232675,0.05413905539456129
12.382,0.39636980158883856,-0.20726653122069183,0.00849215625997346,0.003306928520996122,0.012843383026447192,0.3961452940543413,-0.2096266011934972,-0.20781155530458473,-0.20807873968176194,0.015625863949939145
12.481,0.31648775148946856,-0.19603457964116094,0.095474380076214,0.08934454091023708,-0.01629464901070675,0.3166386885099985,-0.1985615969053064,-0.19652042101998785,-0.19710588564966935,-0.013428228759086822
12.597999999999999,0.25800965969895945,-0.1822753903647495,0.131767323226961,0.14483709178033588,-0.0347409303463202,0.24560956301603165,-0.1782008522091862,-0.17613586975487283,-0.17683520037041406,-0.03203539467674521
12.695,0.20165816867675376,-0.16014160901442487,0.16554543334909166,0.15926045298865715,-0.04328072008737302,0.2021883444275151,-0.16261245411941821,-0.1605790530334391,-0.1613104278190542,-0.04072813536830831
12.78,0.1735095898442583,-0.14330334357795504,0.16078782061107572,0.15480122100073967,-0.04421750064363046,0.17409871398914267,-0.14566249396286868,-0.14373228932402615,-0.14441741584883483,-0.04186430208790115
12.87,0.14537385508429104,-0.11974762689517901,0.1374468783430759,0.13247452831002204,-0.040412288641056476,0.145848735197372,-0.1217871248790871,-0.12013568042559383,-0.12062131990722341,-0.03843995618662119
12.964,0.12718881118816078,-0.09903875977002355,0.10721192748140002,0.10336479718459735,-0.034064837686271804,0.1274889741173961,-0.10072181142405986,-0.09936066146895375,-0.0996140895592291,-0.03245435006301614
13.06,0.10935374573579235,-0.07303721911004264,0.061698427487241636,0.05946965488061001,-0.023674656677769898,0.10937321967462814,-0.07420160691478513,-0.0732553377126511,-0.073175909630479,-0.022550317732544414
13.155,0.09482002212312966,-0.04814976607500193,0.013952605849602007,0.013507125473482873,-0.012224676528260786,0.09449955514008751,-0.0487550364123934,-0.048256524844708715,-0.04779291503207747,-0.011600389693859736
13.256,0.08437478831265274,-0.030676858639302723,-0.01967698064483331,-0.01880855162518602,-0.0038811456715976966,0.08380000477235125,-0.03087184903318424,-0.03070025377227184,-0.02994481296303747,-0.0036143407355906654
13.339,0.08095826497323289,-0.02557102415769877,-0.029084887131820114,-0.02784602676582748,-0.0014956358026841365,0.08031183648221904,-0.025647033234526162,-0.02556640207605912,-0.024730708804202528,-0.0013283834826336716
13.429,0.06542073244771338,-0.007654478524713321,-0.05767333567283389,-0.055328594091077155,0.006084748016066455,0.06457905459604354,-0.0073432156389373615,-0.007540728825056048,-0.0064889291520086045,0.005944746844802978
13.530999999999999,0.05809718543886974,-0.002306749960884563,-0.06612916674318658,-0.05887796901554976,0.007867195986935721,0.05411775679247652,-0.0003222632158530747,-0.000584281662266456,0.0004870485332341967,0.007651243846224259
13.631,0.04254136397879173,0.003597991936190148,-0.058800913496625196,-0.05648300095339032,0.007446414381170996,0.04178951124233432,0.004032010737062691,0.0038221543754839438,0.00478112439959974,0.007273343399381904
13.738,0.030897214695305056,0.00453726951099076,-0.04625397267698528,-0.04458193777251318,0.004956676689791911,0.030341998679907944,0.0048566222566467365,0.004786299045490661,0.00554345903524156,0.004916370536123815
13.815999999999999,0.02365287342952492,0.004064668622882961,-0.035610736711970625,-0.03440466353299354,0.002729110525909101,0.02322844769419513,0.004292362379901243,0.004325059370940798,0.0049363903766353745,0.00278648784497465
13.901,0.017646332854260205,0.003205918233074423,-0.019413843158393007,-0.018882743071310215,-0.0007084042829877679,0.014013272514180525,0.002642218379754896,0.002822702287546802,0.003224722659485396,-0.0005117421296732816
13.998,0.007533323968357708,0.0006033351089880512,-0.005746784762464152,-0.0047400469563677605,-0.003785937892779895,0.0065749629422800215,0.0007372627139484167,0.0010394140432339605,0.00126213597293795,-0.0034776651381342727
14.089,0.0009435447578407807,-0.0007385993576341232,0.006510453923302073,0.0060166657895798226,-0.006147013105403942,0.0009658611343621171,-0.0008918880029502863,-0.0004947660440189072,-0.0004150975727885975,-0.005749161522288909
14.199,-0.0056900108958717055,-0.002424910537091679,0.019344503113977257,0.018291372338234857,-0.008622507168111498,-0.005524760211355256,-0.002712955815865725,-0.002211798936950532,-0.0023190292341283003,-0.00812990265283739
14.288,-0.0084817295221091,-0.0028563647449484364,0.023770361597913736,0.022552449494587234,-0.009167810669224202,-0.0076088129832160845,-0.003186819843303268,-0.0026674396053065763,-0.0028440576303511156,-0.00875259010422802
14.386,-0.009748097140673068,-0.0027100200405192065,0.024627393701301764,0.02341503645196663,-0.009103273761306319,-0.0095449655015942,-0.00303955319199109,-0.0025392155113921067,-0.0027364696073312877,-0.008620835398461119
14.508,-0.010076431590527651,-0.0016293748735001778,0.021401403205368902,0.02039983964462455,-0.007750627418096651,-0.009923525832252145,-0.0019086183864301942,-0.0014917955614249245,-0.0016657258103144335,-0.007355143377447304
14.615,-0.009039662787736297,-5.62861598540354e-05,0.01508199188754672,0.014400987062538784,-0.005734654732751088,-0.008961479659174987,-0.0002536315644112719,6.017783655593023e-05,-5.4042802648091026e-05,-0.005443399080065692
14.690999999999999,-0.007748027043411154,0.0012870919642110346,0.009215538548966506,0.0088253377831492,-0.003968487528109327,-0.007735285038250078,0.001165705133270828,0.001389604719519072,0.0013352708892831744,-0.003766749428629229
14.779,-0.006824720846328819,0.0021156332065434824,0.00521981939767735,0.004984157516317977,-0.002709171348792172,-0.006773581141735346,0.002084300237039677,0.002243594170387081,0.0022297725604039365,-0.0025698037515131944
14.875,-0.005284085096110586,0.0033295303760082773,-0.0003730288598968734,-0.000305561954438649,-0.0011333948036013064,-0.00537164089099304,0.0033325292140546914,0.003414697143874351,0.503457979545554,-0.0010670246744509393
14.955,-0.003887888386762156,0.004236098102232216,-0.0033503948387946236,-0.004804086495269311,0.0002801602805675707,-0.004022443291857886,0.004302137045885723,0.004312678139779508,0.5026559858991035,0.00027775354511547223
15.049999999999999,-0.0028625282849016886,0.004695833248640868,0.0059963782785087405,-0.007568239248099129,0.0012112163595152936,-0.0030439382240254886,0.004821304904283563,0.004765642471245668,0.49083362874259406,0.0011507017522380814
15.147,-0.0018885094267493407,0.004747272258655122,0.027846625590625007,-0.00886008209019784,0.001988305087618797,-0.002340700581754951,0.005156732802992975,0.004810316436285045,0.4668968459455126,0.0016431939770126247
15.241999999999999,-0.0009562664617615013,0.004501028147517128,0.049663893805491854,-0.008734198406507687,0.0027216459380436098,-0.002049049329004793,0.005561429314575067,0.004558568183024969,0.4430092974036509,0.0017236514049703833
15.339,0.0009864597639519523,0.0039058723250521843,0.07817805693127633,-0.007407648154595936,0.004378911777960487,-0.0019628287508595688,0.0068329478972208035,0.00395654706895282,0.40962362362959037,0.0015080575114505002
15.440999999999999,0.0038583224212723755,0.003216992427648724,0.10084695652106734,-0.005549384460279416,0.006981276312048562,-0.002061519626255337,0.009122378996638675,0.003261370285698839,0.3791910657489731,0.0011325413731871903
15.526,0.006396517307575622,0.002737113581665368,0.11325602995949319,-0.004178984898627003,0.009342984707228441,-0.0021687494825737563,0.011295226123432256,0.0027754480305499374,0.3597092419022705,0.0008351727689854538
15.623999999999999,0.014420741077721289,0.0016202422864331767,0.13327674799792322,-0.0009161655754014175,0.016959290614338512,-0.002464279615128767,0.01851765049398732,0.0016500975259879647,0.3168255698160297,0.0001101053781090433
15.73,0.02213951108071044,0.000912895656667162,0.13971869633629241,0.0011205397128378758,0.02422977366437426,-0.002567212790853951,0.025495274338708074,0.0008848459288818,0.2884167445799149,-0.00035106850753288676
15.818999999999999,0.030676931713530836,0.0003996347157077529,0.13863952407357394,0.0024900033521564335,0.032679528099189115,-0.002645065407388014,0.033781511535205394,0.0004139340681885151,0.2642225045785007,-0.0006585067286646873
15.924,0.0408507569480793,2.954269619462324e-05,0.13202499968498388,0.003297474213391438,0.04260433947979109,-0.0025335761566283865,0.04350839085761293,3.742672218623455e-05,0.24101151302953283,-0.0008308674751439094
16.025,0.0503997928062109,-0.0001379325211246507,0.12231476418857223,0.003421644667830792,0.05195302906202079,-0.0023075922032003704,0.05270350596090034,-0.00013429427904149138,0.22262890798229573,-0.0008418256644642796
16.137999999999998,0.060437900592292954,-0.0001638034192609772,0.11038173336463908,0.0029994987190373745,0.06180558759880317,-0.001952002300121325,0.06241646368490805,-0.00016238042586497192,0.20495831475935677,-0.0007213125737901005
16.253,0.06869461316220313,-8.529484550048871e-05,0.10034736976385172,0.002268826071257446,0.06991483723866238,-0.0015675939484217916,0.07042242527676076,-8.723750367214955e-05,0.190620754558522,-0.0005286997736630161
16.352,0.0756831323081345,4.592794533941902e-05,0.09224313519094074,0.001392285090803691,0.07677168403112644,-0.0011772598234566223,0.07720255011333271,4.2585230532243834e-05,0.1780994983564657,-0.0003035384432187316
16.442,0.08222881523024941,0.00021401612727442454,0.08611037032197544,0.0003766772126622131,0.08317954367934136,-0.0007522106555245822,0.08353508414868768,0.00020908132563199344,0.16494618661974614,-4.7564010044048866e-05
16.535,0.08592515579160845,0.0003232018923519375,0.08397837410848352,-0.00027782757177885475,0.08678979755198696,-0.0004828075235788487,0.08709666542762179,0.0003182426307576647,0.15621000712029925,0.00011919057224810126
16.626,0.08920295288256605,0.00041324621105967574,0.08362695894676486,-0.0008471136847748584,0.08991508138121307,-0.00023581095058675117,0.09018089411086,0.00040834141206960717,0.147074112678596,0.00026133701223232664
16.730999999999998,0.0916722523107801,0.0004682731519310701,0.08550830079677374,-0.0012633147834969494,0.09237006670327313,-3.333890561099673e-05,0.09260150541690865,0.00046414210189968386,0.1378478747722644,0.00036423843527719213
16.816,0.09346832475043307,0.0004650752676717551,0.08905956612589383,-0.0014152844337884662,0.0940999178448029,9.20452098624458e-05,0.09431090647723883,0.00045983630165652434,0.12906128480163137,0.000398327654597741
16.922,0.09460561756310848,0.000407015212230466,0.09304355010159171,-0.001323209547427373,0.09519554883961559,0.0001380849471850909,0.09538871852625319,0.00040625470991556556,0.12176656496943106,0.0003718546780962506
17.049,0.09553620569046659,0.00027852963832011857,0.09856735168414399,-0.0009385208947737533,0.09606443187868294,0.00011398870516068915,0.09623412817368193,0.00027450711068291445,0.1135978825730245,0.00027149544061003117
17.166999999999998,0.09617891754165708,0.00015093929253442995,0.10215162799398092,-0.0005162307098162122,0.0965700690327786,5.334083796140754e-05,0.09672070861116377,0.0001486599998083149,0.10837867682041968,0.00016329057951205983
17.262999999999998,0.0965298065641029,5.306234064716975e-05,0.10420356755316051,-0.00018071249467133121,0.09697572581235009,-1.943605171916829e-06,0.09712129904266853,5.30511616467777e-05,0.105169601027718,7.65425975493006e-05
17.347,0.09692314702521401,-1.3756237933315596e-05,0.10517482694046443,6.098337764837147e-05,0.0973402422253376,-4.409429800278364e-05,0.09748558487767994,-1.5997976584025686e-05,0.1030761989313041,1.2865134871753447e-05
17.435,0.09736092175912411,-7.284257028919439e-05,0.11264601248611683,0.00026898019157306496,0.09558672272847774,-7.670956667918394e-05,0.09572836215511316,-7.6346128930177e-05,0.09867798087116808,-4.3081925674509636e-05
17.53,0.09810128340633631,-0.00012749932030334254,0.1051391316352639,0.0004627475869415365,0.09846380612287006,-0.00011114517672197732,0.0985999219901253,-0.0001300942789668469,0.09969585684540455,-9.400881094936975e-05
17.61,0.09868404767764072,-0.00014732650358137422,0.10411986622449265,0.0005267722658727214,0.09904153415791839,-0.00011840466473864164,0.09918076147256782,-0.00014999178475047503,0.09897379046738053,-0.00011104931280223052
17.712,0.0994015821146702,-0.00014893088250927944,0.10256213772689193,0.0005244731911009382,0.09974613991999287,-0.0001084522385485509,0.09988456379363414,-0.00015319045290168587,0.0984055764448109,-0.00011389961714142194
17.801,0.09984156253312992,-0.00014251792292033216,0.1170214429940557,0.0004772701776499799,0.09512892188066951,-8.859340879699418e-05,0.09526485112673366,-0.0001413499576589372,0.09274322146541125,-0.00010480888827371637
17.903,0.10059670741571597,-0.00010778615742867981,0.10558497992991933,0.0003434768988546111,0.09889777872463873,-5.247265961549896e-05,0.09901916519216519,-0.00010945669129858171,0.09590136873756067,-7.37613905118506e-05
18.025,0.10110278232804354,-6.49126488263263e-05,0.09972876973173661,0.00017150215457639728,0.1014900630564427,-9.675679506687684e-06,0.0995315943720057,-6.275272880260085e-05,0.0981467905117715,-3.416109744078244e-05
18.104,0.10236492139953052,-2.808254557576384e-05,0.09566556460984232,3.2272623537443756e-05,0.10179113584468341,2.4457105810199442e-05,0.10190742506108219,-2.8793748233418848e-05,0.09827095308486167,1.46564461539489e-07
18.21,0.10143666828314185,-2.8512208616882084e-06,0.10267118454376889,-6.648404607267899e-05,0.09977211765354382,4.9114429558849704e-05,0.09989096401764241,-4.073213522970409e-06,0.09622906550190313,2.4294050898487907e-05
18.305,0.1013841456730093,2.1386286392921505e-05,0.09647472194392925,-0.00015626324452178153,0.10183517956065802,6.98799748144463e-05,0.10195083822817863,2.144849185814479e-05,0.09835511459422475,4.3548491456268934e-05
18.402,0.10123793900105876,3.400060275235428e-05,0.09689710394564255,-0.00019807848735797773,0.10169562500844148,7.929034557527248e-05,0.10180431591557354,3.2419715600501275e-05,0.09836501612928378,5.236782342984969e-05
18.48,0.10107199796820704,3.6242483938991876e-05,0.09926109016288276,-0.0002082455061654942,0.10152275252076137,7.792469304482297e-05,0.09980763497363448,3.7013799008583925e-05,0.0983365243745144,5.706453017309543e-05
18.576999999999998,0.10081060613857362,3.375947026326709e-05,0.09829869264059843,-0.00018937168874011423,0.10124592701916285,7.26344048142813e-05,0.10135380611842087,3.29364913813357e-05,0.09829096808324417,5.004132228123015e-05
18.677,0.10058710451092745,2.5592575130545248e-05,0.09899886825794213,-0.00015138694838212619,0.10100566737826888,6.080703645924834e-05,0.10112902721427658,2.496889380529388e-05,0.09827933263858507,4.0018442987038716e-05
18.772,0.10311512881518381,1.171249656833906e-05,0.09786966073461567,-0.00010091360126418536,0.10079684204211414,4.669391271744372e-05,0.09992418796486524,1.4927160427002928e-05,0.09829418044322102,2.7580031551399653e-05
18.871,0.10011556702064384,-1.754969072342849e-06,0.10036770142049312,-3.333201873245706e-05,0.10052658921369689,2.6160637629446537e-05,0.10067386206497747,-1.6824852516195143e-06,0.09831628028018874,1.0608835426972885e-05
18.968,0.09989769749815641,-1.0090742344037729e-05,0.1009436279286513,1.0402824530908461e-05,0.10031989910105288,1.458039331991845e-05,0.10047311004462622,-1.0699921233148224e-05,0.09836566542751324,-4.192554273640958e-06
19.057,0.09981409824933801,-1.5452949781835645e-05,0.10114805998887966,3.594604146162084e-05,0.10023677804833642,6.0956263300826485e-06,0.10038940655370249,-1.6144545027352297e-05,-0.4015883428402565,-1.0444172982515543e-05
19.16,0.09970604809399558,-2.236382452786012e-05,0.0981415388753284,6.584717961977127e-05,0.10011808967445096,-4.4913881525610044e-06,0.10026639656560055,-2.2851529039302765e-05,-0.39561625345008555,-1.6104595255195253e-05
19.256,0.09966411566033667,-2.4624567700359812e-05,0.08214350052912822,7.664750000380138e-05,0.09806093803839122,-9.153162584873975e-06,0.09820587840239903,-2.4852956146292904e-05,-0.3780744326302553,-1.8016813572274692e-05
19.357,0.09934954820268044,-2.3133467894342896e-05,0.054153234021560026,7.845071034884299e-05,0.09974796879404335,-1.0346549001505334e-05,0.09990315468319,-2.5774375350173795e-05,-0.35315390570147376,-1.9196318102820964e-05
19.438,0.09872468670460616,-2.0769544308352206e-05,0.03762047181028527,6.692040586564474e-05,0.09911816475996815,-9.539649387046989e-06,0.0963807106812491,-2.10909193140707e-05,-0.8318440339561086,-1.5520292856174844e-05
19.538999999999998,0.09746415621053572,-1.7291852529882634e-05,0.001152687319259993,4.7330690877589454e-05,0.09779349945296761,-7.5738974479599985e-06,0.09314387622947429,-1.4138359305110315e-05,-0.7847232662837667,-1.1214105669649088e-05
19.629,0.09252839534736945,-9.010892240035595e-06,-0.03898554239117846,3.298750420532848e-05,0.09292539367698133,-1.8292242779383017e-06,0.09313048332837803,-9.51855290109993e-06,-0.7305363389894884,-7.106899162612201e-06
19.732,0.08881126758260227,-4.426576237698265e-06,-0.08736043220512024,8.481986377817385e-06,0.08619661541573559,2.9476940824613163e-06,0.08643546178814476,-5.4475673564591265e-06,-0.6740829125813624,-1.5555368661213098e-06
19.809,0.08082928055295374,8.462303335843302e-08,-0.11337084846145018,-2.5611474090414532e-06,0.0812402402727937,4.8476290755994356e-06,0.0814941972635651,-6.637067057058132e-07,-0.6301928696278624,-1.7073979942106021e-06
19.879,0.07374591704713407,2.7582725000141473e-06,-0.13318160033644477,-1.4102459287679281e-05,0.07406762461113142,6.874167547910037e-06,0.0743263167826812,9.441327327164295e-07,-0.588958258104502,3.525886507038667e-06
19.961,0.06185441170370454,5.440259348260534e-06,-0.15219247158091997,-2.485724305489878e-05,0.0622510311936304,8.60587553100367e-06,0.06250622237186021,4.8374002362960855e-06,-0.5344191936882752,5.973707939338491e-06
20.081,0.047321569700025656,6.8096251912563854e-06,-0.16972175804563183,-2.9131161345508083e-05,0.04600849913578903,7.688516394849243e-06,0.04623800071435813,6.161337532589739e-06,-0.4698463115045408,8.471682226812716e-06
20.198,0.023266289212766522,6.481066986613326e-06,-0.15598579189189765,-2.748102300575983e-05,0.03106308270164937,8.491896009765743e-06,0.03127176456644254,6.31726174088465e-06,-0.43379849244751545,6.954466015784977e-06
20.313,0.005250219642133458,5.224728534897194e-06,-0.1436848373074857,-2.1923387001687722e-05,0.005479304347173142,6.25630435210911e-06,0.005641584818427581,5.197442482812731e-06,-0.37268627150024847,5.244911631868687e-06
20.415,-0.010364855320346034,3.638496888030973e-06,-0.1296101601396944,-1.5151828410053803e-05,-0.010198735796464353,4.274585702762623e-06,-0.010069949826724267,3.6522709765673955e-06,-0.33975629891677106,3.5864748426928106e-06
20.5,-0.02605650987038688,1.7672169851656871e-06,-0.11387790105778728,-7.320190827608819e-06,-0.025957046924660943,2.1087966028676686e-06,-0.025851887866529588,1.7741575897012307e-06,-0.3082566542806352,1.6700196498742326e-06
20.608,-0.04159219281579052,-1.8819018211269078e-06,-0.09819446345015859,8.245102227744106e-06,-0.04156320325864726,-1.9467932480254913e-06,-0.04148557239952799,-3.675012613862938e-06,-0.27716456807587564,-7.413945447287684e-07
20.718,-0.0559549528980694,-1.1275040309732809e-06,-0.08510558779698563,2.1272865582400158e-06,-0.05592863050790553,3.578795088055031e-08,-0.05587909747212172,-1.7812971266351063e-06,-0.24713173132491772,7.457266484878211e-07
20.858999999999998,-0.06745012759079722,-2.8566944197949695e-06,-0.07748187520043726,1.2362916428587667e-05,-0.0675503111500057,-3.145249572011899e-06,-0.06752581927445905,-3.3124796182670835e-06,-0.21999186678430088,-3.048492818513715e-06
20.959,-0.0766141596737937,-1.174110510482329e-06,-0.07598646018430777,1.0764344887004285e-05,-0.076768868096452,-2.7540064061470915e-06,-0.07677324695624888,-3.5142988220604465e-06,-0.19385726508919754,-3.3219291483144175e-06
21.085,-0.08166742609151734,-2.7561347760995947e-06,-0.07879783929736162,1.2342764070916168e-05,-0.08186556440310111,-1.306205963752527e-06,-0.08188786105841384,-3.2386902205916446e-06,-0.175781309149606,-5.041733110472402e-06
21.19,-0.08627307204692058,-1.8297564629565777e-06,-0.08582386600573899,7.828744626348083e-06,-0.08651275286935789,-1.5788171944808305e-06,-0.08656170553196418,-4.239552368612287e-07,-0.15482860354601835,-3.996215732049446e-06
21.315,-0.08856643984448659,2.841376858797595e-07,-0.09164467240823593,-2.1301181796218316e-07,-0.08882087972692737,-2.723911184943084e-07,-0.08889203643275906,-1.8597760481631198e-07,-0.14207597158759105,3.8724285539304404e-07
21.413,-0.09235022673850402,-8.221506044014948e-07,-0.09748430196883795,4.4123388370787e-06,-0.09099831958706961,-6.790782442200882e-07,-0.09109213309398412,-2.5959153825694248e-06,-0.1280750186116043,-3.15194605887692e-07
21.532,-0.09211143125471072,9.280547342005452e-07,-0.10628946880395496,-3.249859980347658e-06,-0.09238485156949561,1.023363019325707e-08,-0.09018716698909646,1.9145600609615787e-06,-0.1190270813827422,3.9701155499227703e-07
21.637,-0.09384351275728248,1.0758471776228795e-06,-0.10801532742832476,-3.2822239197649594e-06,-0.09412078987257583,5.922102964128761e-07,-0.09424011993271247,6.286879164485448e-07,-0.10978025000910446,9.85478529280659e-07
21.745,-0.09481308643299402,3.1983094927190425e-06,-0.10883725332046179,-1.1072529189193325e-05,-0.09508839814040276,2.7280320073208575e-06,-0.09521806966490193,1.2488673796495764e-06,-0.10604319244123955,3.897320309503849e-06
21.831,-0.0962982507806675,8.715358255362293e-07,-0.10844536418629991,-2.1610989141551684e-06,-0.09656787652231674,1.641009730879439e-08,-0.09671324522208585,4.4750000707804993e-07,-0.10197526328862999,8.256529842320948e-07
21.898,-0.09687713564486455,2.472820146398602e-06,-0.10968395274413978,-8.889041562931688e-06,-0.09714567276028924,2.0793889496661944e-06,-0.0954982877879198,3.325373472556903e-06,-0.10079495106278658,1.0114589943099883e-06
21.998,-0.09831282267347285,6.763135642628981e-07,-0.10572371646878642,-2.459868192916659e-06,-0.09857918786388387,3.6239933631776466e-07,-0.09874040830362063,4.859984485960922e-07,-0.09864386469023623,9.351568437399038e-07
22.066,-0.09930563552751098,-1.4931826795849812e-06,-0.10371225186110489,7.740259019395346e-06,-0.09957276364558865,-3.253292233690308e-06,-0.09974651406930113,-1.5913005307621741e-06,-0.09766283489649441,-1.4024835753578824e-06
22.168,-0.10030974722889957,1.0270794184585874e-07,-0.10129965204702451,1.4650770140400837e-06,-0.10058805328669146,-1.531561518580693e-06,-0.10076925477813731,-1.9682865856629483e-07,-0.09703329265924715,1.6060522126104537e-07
22.261,-0.101391457734541,-2.4080726718223033e-07,-0.09848244274418844,3.1256574413163207e-06,-0.10167652485507545,-4.7392643515165034e-07,-0.10186053160469233,-1.7927413919482937e-06,-0.09658904306150284,-6.181823470341463e-07
22.368,-0.10198557060955504,-4.153132970030615e-07,-0.09509116030467785,3.1664794329921975e-06,-0.1020518012484371,6.856160793267119e-07,-0.10223356709253895,6.195429532451779e-07,-0.09647453640894699,9.801581129786907e-07
22.47,-0.1022608361804051,-4.871236579384597e-07,-0.09608256086846989,2.494620392368141e-06,-0.10256288419487686,-7.39395649901331e-07,-0.10273260086365149,-8.008204047393885e-07,-0.09636111789259666,-4.672806797889617e-07
22.582,-0.10240579079975987,-5.138287843819977e-07,-0.09387192459168126,2.8164656563633983e-06,-0.10271953524767452,-4.7479309503439815e-07,-0.102865009827943,-1.3788500960454364e-07,-0.09813773953294136,-1.6899587673424588e-06
22.686,-0.10226606981921182,-6.248845024758864e-07,-0.0961357595687925,2.905011986742423e-06,-0.10257688452919522,1.1038157142762017e-06,-0.10271723111463049,-8.682409921023648e-07,-0.09631437121574071,-5.01733169649965e-07
22.794,-0.10208056958990502,8.33324225568699e-07,-0.09673397832797592,-3.021227371835522e-06,-0.10238482795105075,6.389104664772383e-07,-0.10252176334857344,5.807215365805085e-07,-0.09627886078249481,9.682711432090763e-07
22.882,-0.10174239123223983,-2.0283395464337772e-06,-0.09767157091686801,9.800204691545744e-06,-0.10205624816130254,-3.7319151405812434e-06,-0.1021949834552302,-2.0988991543680058e-06,-0.09633480623435936,-1.9410508501627177e-06
22.980999999999998,-0.10141837591353095,1.7000745117234928e-08,-0.09857086773853957,4.2893029850166187e-07,-0.10173416538900079,1.702110615647845e-06,-0.10187301120028161,-2.6966347257961765e-07,-0.096403579758647,-1.878378186687124e-06
23.095,-0.10400614974059649,3.830954261596631e-07,-0.09650108296667331,-4.342145316860169e-06,-0.10136969844979635,1.2064947486623012e-06,-0.1015533484857655,1.1324991265881934e-06,-0.09656972035716838,1.620056015450011e-06
23.184,-0.1008651731766568,-1.6254273627891447e-06,-0.10589627142963387,2.7871985713856517e-06,-0.0991336041804429,-6.052286572744148e-07,-0.09935063308038836,-3.4585428462796663e-07,-0.09475431813287805,-2.1068826669412566e-07
23.268,-0.10065671561069614,1.0840198860495587e-06,-0.10244891224165603,-1.6994332724395989e-06,-0.09882752267199721,1.3825958480040423e-06,-0.10119527342075232,7.018523102420016e-07,-0.09687157605489827,-1.4690347718560037e-06
23.361,-0.10049576936503032,2.321719393821864e-06,-0.10434549632474188,-4.0754220512750905e-06,-0.09888164428834897,1.280779448248337e-06,-0.09914056802295065,1.1825018948197208e-06,-0.0971365219989282,-7.095786856148312e-07
23.43,-0.10039555322244723,3.1866059441165717e-07,-0.10052262436835835,-1.383221736483975e-06,-0.10071106813364086,1.2249801689678819e-07,-0.10097060138261785,3.618259403759261e-07,-0.09740015289293569,5.802371847996035e-07
23.536,-0.10034611716637334,1.7305875762985146e-07,-0.1003005698907789,-9.08834308366302e-07,-0.1006801033714547,-3.5648976270952204e-09,-0.100933005426079,2.31546105039504e-07,-0.09774020414531404,5.077943433240417e-07
23.648,-0.10033046082248623,2.6802440668549643e-06,-0.1023474410107088,-1.2274326497863086e-05,-0.1006799744902113,2.4820560477478715e-06,-0.09850686617464358,3.8541412916148765e-06,-0.09813525750195007,3.257885091645374e-06
23.79,-0.10042382523730581,-1.5524574573100303e-07,-0.10679949735603084,-3.622475696407612e-06,-0.09819023622411704,1.242689183639234e-06,-0.09843193768555564,6.942942330778745e-07,-0.09615450349699067,1.8407380254215067e-06
23.881,-0.1006004503984638,-2.552043886772104e-07,-0.09826583686773954,-2.686039710209087e-06,-0.10089907489313496,8.047451445780673e-07,-0.10114613395328434,7.083479323655162e-07,-0.09908850388737733,1.428151021942714e-06
24.006,-0.10053037523249578,-5.22600723806832e-09,-0.09772489223609784,1.032818639945532e-06,-0.1009910329038067,-4.700813437952256e-07,-0.1012388016888951,-5.386774110660575e-07,-0.09950815183867412,1.358479489455e-07
24.095,-0.10049946498802967,5.503124228811718e-07,-0.09757187160709047,1.888520035353558e-06,-0.10098634133046838,-4.253012260979627e-07,-0.10122740178605757,-6.06141250830694e-07,-0.09971492028835394,-1.407389981306073e-06
24.185,-0.1004006509827629,1.7026094129291014e-06,-0.09772917573551837,-1.0717478114985468e-06,-0.10090147126772839,1.4830754060946028e-07,-0.10113400184900159,-6.545752674058658e-07,-0.09983470016498874,-1.2459387463414906e-07
24.279,-0.10026212376834126,3.0067070566630605e-07,-0.09809455965444402,-2.77955481520209e-07,-0.10076037543754457,-9.881089479968352e-08,-0.10099994907829166,-2.021158782561372e-07,-0.09988299206137852,2.7821154890972366e-07
24.361,-0.10017441036229302,-1.1700932220359839e-07,-0.104983477757461,-2.980666980234581e-06,-0.09845260625490346,8.234708466503537e-07,-0.09869140428954709,7.306333005552279e-07,-0.09769810133579543,1.5435721552325976e-06
24.455,-0.10009747815847474,1.8334672378383932e-06,-0.09848687619732499,4.316151472893992e-07,-0.10060481489259858,-2.1687641080236908e-07,-0.10083661571677639,-5.829766347165144e-07,-0.09997421503482529,-1.4652293396089089e-06
24.555,-0.1000523234231759,-2.128999252726249e-07,-0.10235508277274047,-3.094172272066764e-06,-0.09866719279449417,1.2730677722838646e-06,-0.09888658017373626,2.3228895100479985e-06,-0.10003882083585319,0.49999971111491504
24.662,-0.09998090694978058,-2.3787025126287276e-06,-0.09871408372152429,0.005699266117263235,-0.10050177340037177,-3.3797143427216625e-06,-0.10071917404268792,-1.398873477387319e-06,-0.10008406188563546,0.4943078911730695
24.767,-0.09988603051903698,8.089041433650968e-05,-0.09905055740303617,0.027981723383991186,-0.10039720648743485,8.187264405007388e-05,-0.1006039938904343,7.993626063512727e-05,-0.10006221170005769,0.4717755772969871
24.845,-0.09983600141451701,0.00019495521552409523,-0.09922886657508923,0.037072848422610605,-0.10034857874027003,0.00019402978683463745,-0.10055148755685067,0.00019440953177168874,-0.10003506571327309,0.462343757043259
24.948,-0.09965900139766387,0.0013314158396832143,-0.09987564818767936,0.07011851098379696,-0.10017898771430148,0.0013312608859713526,-0.10036469575273477,0.001331244698792422,0.4000783330523795,0.42588756759175606
25.07,-0.0995223620549538,0.003937390929309892,-0.09655164918679948,0.09889996981242977,-0.10003697767319508,0.003939412521595909,-0.10020517056267023,0.003940443795277027,0.3963161594776186,0.3892827829413874
25.176,-0.09926999181531676,0.010851448392487417,-0.06896767928359848,0.12744131468300468,-0.09975203789114892,0.010861753179556843,-0.09988605631788963,0.010866371764696514,0.36787576530795385,0.33997911198025454
25.305,-0.0988232582416402,0.015780507271512756,-0.04940065082444095,0.13543641353240332,-0.09928179985060062,0.015801111484653074,-0.09940028281540808,0.01580957342234074,0.34690599173208986,0.3171723942890901
25.406,-0.0972897143129262,0.024264830783578162,-0.019703472194680716,0.14362240134897641,-0.09661076150483067,0.024214640280319777,-0.09671940923688076,0.024237668742392138,0.3103233572493183,0.2836604588447335
25.522,-0.09318970972717566,0.036689334129458295,0.011912303210011244,0.13432512099213545,-0.0935773603933413,0.0367445639083106,-0.09368493428398901,0.03678769864052178,0.2685397011944947,0.25545328232957387
25.625,-0.08755188818954654,0.047473312989967736,0.030239634960187,0.12438414706874201,-0.08792225041770585,0.04755365685371507,-0.08802136293776144,0.04761257783104514,0.23325586658482686,0.23297630525653001
25.726,-0.08364843319062637,0.053216935522859665,0.03645907911222018,0.11801629395794033,-0.08400650531157082,0.05331120204201045,-0.08410110904220365,0.053380841780143684,0.21529696843218066,0.22207472669704587
25.823,-0.07354333537323472,0.06465897133632428,0.03923315878712394,0.10503175016049238,-0.07386454966159672,0.06478598489222001,-0.07229082053546643,0.06425304792588041,0.18046554678317395,0.2012702456850829
25.922,-0.06327853955080404,0.07328573636833324,0.036376485951602394,0.09441931412089666,-0.06356931365197174,0.07343446461463787,-0.06362055212462661,0.07356569524166812,0.1540919193758,0.1852947896544641
26.017,-0.05444363733821182,0.07915384800039382,0.028708303168115845,0.08863116654065384,-0.054703228584193186,0.07931710544029247,-0.05474355853656489,0.0794743049324299,0.13518212129085402,0.17342357508622996
26.122,-0.04483322556375481,0.08432420404869317,0.01805903413184104,0.08494935655294089,-0.04506720587001917,0.0845059433226501,-0.04509421934122315,0.08468190958322991,0.1169356166431561,0.16153858649248592
26.230999999999998,-0.03558475011888416,0.08829131700267845,0.006746540161313902,0.08411916340193071,-0.03579462762134788,0.08849278136862737,-0.03581435524386573,0.0886878476573767,0.10044719282278386,0.15040889056938678
26.333,-0.029092156410504444,0.09057919498405842,-0.0012341744833981871,0.08511866194512807,-0.02929063098355256,0.09079343137917784,-0.029302550969320523,0.09099897053163652,0.08891951284677571,0.14250974115999915
26.419999999999998,-0.022495211956520336,0.09249530764466718,-0.00873024908854475,0.08772906060478403,-0.022679621024166367,0.09273489550083858,-0.022678112599302552,0.09294856366148718,0.076583194668534,0.13409217258822304
26.493,-0.017647785721081943,0.0936901236935504,-0.013288401265270228,0.09073587357674451,-0.017817587805665176,0.09395785407993579,-0.01780250001022861,0.09416955170759672,0.06655627480224595,0.12744659694217259
26.599,-0.013835679975493755,0.0945238468709721,-0.014525194256032554,0.1052553039281352,-0.012694241345338812,0.09188858188748544,-0.012662238092027888,0.09208956881763702,0.053717353668893006,0.11624269849577024
26.701999999999998,-0.010125177481695679,0.09531437203316279,-0.015955757377040275,0.09792445043215081,-0.010263639274060045,0.09563893260042206,-0.010222136261346002,0.09582786472815491,0.046566710394142,0.11529438020610944
26.82,-0.0071483675128833895,0.09613027997405982,-0.012774605291779338,0.10168566618738861,-0.00726556592960753,0.0964914113468765,-0.007212699699460609,0.09666495008949011,0.034401238433730864,0.10902769240218496
26.924,-0.0056501921562380755,0.0967982035060741,-0.00796062497952825,0.10381059321210073,-0.005743175977604406,0.09716925102113322,-0.0056915350258667724,0.0973447737304573,0.0250455281392375,0.10487717853023465
27.03,-0.004992411312103273,0.09729126107680858,-0.004179991755035833,0.10456198753638102,-0.005071133802505397,0.09766033017635983,-0.005019540510817109,0.097836776398118,0.019263077380461614,0.10264964481233257
27.15,-0.004281124744792491,0.09820897584547889,0.0013535993882992856,0.10422616733572587,-0.004341188828972227,0.09857091888118047,-0.004297317241458237,0.09876752174712261,0.011566031426923667,0.10022641619049216
27.248,-0.0039019657545835366,0.09883431491524369,0.003550516436782593,0.10702547103370597,-0.0037608226511541606,0.09729875168622332,-0.003720832748716669,0.09749230821226845,0.007833104717671773,0.09934915415255857
27.333,-0.0035180642022768546,0.09939468802135476,0.005188881021032085,0.10669046647597913,-0.003363269295043423,0.09745922398298346,-0.003326611030291994,0.09764914240287448,0.005019063506580189,0.09880647911680818
27.412,-0.0030164437191984696,0.09997949717817467,0.006554809014134022,0.1006612141120764,-0.00305918768280741,0.10036428381088602,-0.0030235057200620006,0.10054754327689897,0.00254432810793386,0.09844746162196394
27.504,-0.002615108667692178,0.10034080476108942,0.006690084428826851,0.09970855828487024,-0.0026546360699611117,0.10073948747851347,-0.002622111453079754,0.10091126488511204,0.0012017717619061917,0.09829988459041483
27.602999999999998,-0.0016977697203308653,0.10089907145294763,0.005809733486631444,0.09818840607258084,-0.0017291786113280225,0.10130421945499246,-0.001700575012525447,0.10145981463917941,-0.0006822101424471105,0.09814848838029966
27.695,-0.0009235788341269884,0.10120224398787919,0.004327386925249553,0.09728211579489487,-0.0009513737427927589,0.1016024156923902,-0.0009264992006705296,0.10177207260358995,-0.0015259351476592763,0.09814115192124578
27.793,-0.00013260209084114006,0.10134149511369528,0.0023885104489751747,0.09688386156394779,-0.00015472361097403596,0.10172738446100493,-0.00013350909231805638,0.10191096749944495,-0.001967675654841943,0.09813629136190705
27.902,0.00046317357265554266,0.10132618131898657,0.0007361060816097019,0.09698692875130899,0.00044599651180838445,0.10169476236413583,0.0004656096661870557,0.10188048544039124,-0.002110885832260684,0.09811164212517737
27.998,0.0009408848615160151,0.1012304840109649,-0.0007739592095430507,0.1023527466848877,0.0009698396340795867,0.09907717286054007,0.000987604020220802,0.0992450658892482,-0.002124369306273353,0.09809453055435913
28.086,0.0012732303386155247,0.10108358065384099,-0.0017832276827453109,0.10243881204187533,0.0012877664295372192,0.09912384508287303,0.0013045472893820952,0.09928174349311009,-0.002082316374789529,0.09807201872830057
28.158,0.0014718609354884855,0.10091824236411195,-0.0023868963793320895,0.09832749176947408,0.001464756861862369,0.10127026008070583,0.001481388065254009,0.10142160343904205,-0.002031109483272774,0.09806240234666608
28.284,0.001559527291458221,0.10071517578286115,-0.002701344032663395,0.09926462858613871,0.0015562127335986267,0.10095701108617006,0.0015707667742914672,0.10109605445890046,-0.001985162766684921,0.09796713008592961
28.376,0.0014925370711109092,0.10048621170421485,-0.0025060227739688856,0.10325191801685962,0.0014820456039586222,0.09899737942948889,0.001495333440038757,0.09914802129500905,-0.0019638933411394027,0.0981164695544276
28.464,0.0013497815609531888,0.10039120595634043,-0.002091329630164925,0.1000673691864995,0.0013487861648362291,0.10060124887169908,0.0013619745217483947,0.1008010267801639,-0.0019692126173728886,0.0981391492052971
28.541999999999998,0.0011865653572569832,0.10034368163003954,-0.0015918585505991642,0.09974799022894798,0.0011881179979236333,0.10065050781219881,0.0011993130327698316,0.10088663682626903,-0.001982137837351285,0.09837118350254465
28.626,0.000996216408084451,0.10029828045395739,-0.0009980975164972927,0.10661106776519769,0.000975811603483763,0.09828000733907016,0.0009855567622044465,0.09855664909557715,-0.001959487257275368,0.09625399534619761
28.729,0.0007886000156346849,0.100262368289456,-0.0003494665392086149,0.10368677497552503,0.0007894606162186513,0.1005459858061758,0.0007593611941310741,0.0968325528080255,-0.0019879552867757954,0.09867231812081767
28.812,0.0005115918431311886,0.10027483214215971,0.0003916975409991568,0.09928528299519512,0.0005139115820694557,0.10057023297994705,0.000521013680734591,0.10089016992864808,-0.001961804119925948,0.09886804419718465
28.898,0.0004117022471547705,0.10029248735865448,0.0006498550252239631,0.09906999825991636,0.000413138607817584,0.10059308913060516,0.0004196971090068063,0.10093141468480094,-0.0018943929892031247,0.09911301056602306
28.980999999999998,0.000260942054984027,0.10029751326713998,0.0009810457393428923,0.09878508940207231,0.00026267379606591083,0.10060848575884052,0.0002679308609804419,0.100977203407292,-0.0017725924513732729,0.0993317081646552
29.069,0.00018337199486117162,0.10027690806763179,0.0010824098402340988,0.09864455301090547,0.0001841758820226849,0.10061071607978977,0.00018864437484751324,0.10098747121059448,-0.0016386020919654685,0.09948035163107849
29.189,0.00013357992749399566,0.10020717806321411,0.001012722648607918,0.0987057549588446,0.0001363720091089116,0.1005544917208614,0.00013877586404297503,0.10092611756863912,-0.0014214504492538003,0.09960645768844079
29.299,0.00013018556560477623,0.10013653793837851,0.0008206148332859237,0.09884880344323643,0.00013102974695060766,0.10048168673094326,0.00013379836115500355,0.1008593405189464,-0.001215628506996312,0.09967363136849539
29.389,0.0001465243003466645,0.10006001701027922,0.0005895973005988348,0.09907396313928474,0.00014568972502691617,0.10039481383696214,0.00014880690913061066,0.10077068911498155,-0.001030618235103026,0.09970051689849235
29.46,0.00016715407998705873,0.09999261196914322,0.00036527222646093663,0.09930017403793068,0.00016825845989218262,0.1003174538637992,0.00017058603034627532,0.10068539438616853,-0.0008712707966864524,0.09970436574295838
29.55,0.0001961256360543456,0.09990335703238551,9.683522599852543e-05,0.0996233816941019,0.00019639616708431833,0.10020891609972415,0.00019812384827873255,0.10056474162138662,-0.0006874808774159228,-0.4003003964475982
29.65,0.00021644270365193258,0.10263623444465642,-0.00013127355989386164,0.09176455521612326,0.0002097480348568874,0.10011939945585124,0.00021072916165615612,0.1004477144868442,-0.0005056463402711127,-0.3949679036034751
29.738,0.00022973337307690637,0.0997741574257881,-0.00031215368285672854,0.08108874294651192,0.00023019595584797096,0.10006994040834394,0.00023067118666398375,0.10036910736335536,-0.0003784468327321317,-0.3813019481439993
29.848,0.00023220931953323726,0.10224540466183818,-0.0004148609772537219,0.05594239346614294,0.00022607641940814924,0.09988619755915051,0.00022659285189372338,0.10015053818140007,-0.00027001761358138796,-0.3582245338685317
29.923,0.00021449428272813688,0.0990056029002605,-0.0004400512786941792,0.03995978262487476,0.0002153127050146704,0.09937597986818802,0.00021527764470933002,0.09962545053280414,-0.00020503335375795812,-0.8379668159261274
30.017,0.0001865739965444561,0.09721924983081498,-0.00043227943137953,0.009118185286030034,0.00018870506307336072,0.09762963081115783,0.0001880895135929518,0.09785689289237165,-0.00013108914183123863,-0.8018239588203745
30.114,0.00015187216201554415,0.0942917050768215,-0.0003787295547707792,-0.026890563912966625,0.0001524500836529944,0.09471591258443302,0.00015265780772616335,0.09493170365657955,-7.825049862392273e-05,-0.7570487574048674
30.201999999999998,0.00010812380542004393,0.08734314659875786,-0.0003185321424920076,-0.0714767420022564,0.00010862583877827708,0.08776785334992632,0.00010871999889897413,0.08796593210947379,-6.937500605288388e-06,-0.6916001900559016
30.297,7.068705436939163e-05,0.08359140601708492,-0.00023077553462806655,-0.10188782149608389,7.11844294551513e-05,0.08401353786999055,7.117305531584035e-05,0.0842020450847002,1.773099548768326e-05,-0.6499191674756918
30.401,1.8732120595720513e-05,0.07175351769526728,-0.00011126506539562743,-0.13839353196761328,1.858048932186669e-05,0.07214228019614266,1.8260215600588575e-05,0.07231737432272167,5.569223987745078e-05,-0.5778196402465183
30.494,-8.621180108671356e-06,0.06316908935327326,-4.3695291034834965e-05,-0.15283754373677727,-8.662007065708688e-06,0.06344337131005173,-8.327783917389149e-06,0.06360885925913817,6.930626212660589e-05,-0.5373837761856859
30.578,-3.785664903192647e-05,0.05114462388074903,3.3401674097897904e-05,-0.17147620324737511,-3.914318666547838e-05,0.04967883170171039,-3.931575354325888e-05,0.049812462134153246,8.291391514276582e-05,-0.47915971446923755
30.658,-6.450889440063647e-05,0.03458524575056554,0.00011512880454136142,-0.16251882708457477,-6.429240553866566e-05,0.034900526693783185,-6.452829236221029e-05,0.035032101014388584,7.8200787760151e-05,-0.44199904637416254
30.746,-8.110656987345404e-05,0.018151856758297225,0.00017005210968172244,-0.15448922219617245,-8.096204132598817e-05,0.018430947003751585,-8.125303095184513e-05,0.018555859499831406,7.326953246956577e-05,-0.40064944106570777
30.842,-8.807754522582346e-05,0.0014915069316925322,0.00019605784853013973,-0.1414005138533032,-8.802901732517677e-05,0.0017238054116313073,-8.83497907216103e-05,0.0018417093679270469,6.839850474247167e-05,-0.3636565078579477
30.913,-8.598640334116139e-05,-0.011426280050386817,0.000196498877039911,-0.12914974091854847,-8.745622774434646e-05,-0.011237512795373883,-8.687145043748904e-05,-0.011136325161294147,6.381520448308416e-05,-0.3370501410743967
31.011,-8.062307166019096e-05,-0.027007631764091267,0.0001800925247884451,-0.11319163073325189,-8.0583359475455e-05,-0.02688139989365057,-8.096226329115403e-05,-0.02680176562848291,6.207616963835576e-05,-0.30611757198052336
31.102999999999998,-6.732700890352706e-05,-0.04157350084728839,0.00014179844752194339,-0.09825401178721105,-6.741845788655297e-05,-0.04152202580958986,-6.81664859259884e-05,-0.04146082043142685,6.111350519412417e-05,-0.27718964112448385
31.195999999999998,-5.349997267836259e-05,-0.052212508320040985,0.00010013846712722194,-0.08825394009241361,-5.356384136005147e-05,-0.05221217438501202,-5.399387987440815e-05,-0.052168416121629035,6.091922678560027e-05,-0.25515296108090435
31.274,-3.893313866130434e-05,-0.06059568457312625,5.7912207847832936e-05,-0.08726568963621273,-3.9029132901679565e-05,-0.06064902623146462,-3.905469331862924e-05,-0.060631018920441426,5.910475703377934e-05,-0.23085858063875497
31.373,-2.5211658425204793e-05,-0.06878434399910072,1.5123531974052182e-05,-0.07724233533990166,-2.4934470758821575e-05,-0.068878784641768,-2.5401400417691608e-05,-0.06887936409181572,6.042399762766666e-05,-0.2162151719274139
31.467,-1.1715841214720961e-05,-0.07514741118879442,-2.1832483490261123e-05,-0.0848842385516877,-1.0601365732979331e-05,-0.0744449957475406,-1.1304559568667619e-05,-0.07448025525141366,5.545425000662817e-05,-0.19104309926056362
31.554,1.1329940906145558e-06,-0.08117511100836716,-5.5664815754566735e-05,-0.07872663660049395,1.0162244397440845e-06,-0.08139571054095707,5.826192152561666e-07,-0.08145674666685054,5.293297800895193e-05,-0.17724579518333128
31.669999999999998,9.197937763804828e-06,-0.08555754512653779,-7.328198569477029e-05,-0.08410940493599628,8.992841248016761e-06,-0.08584276038186744,1.0260668279885206e-05,-0.08592826259400921,4.483053840306523e-05,-0.15856202696158928
31.745,1.2560610610081596e-05,-0.08750293767361228,-7.546152324143345e-05,-0.08792803387920678,1.2752763917328255e-05,-0.08782602435417042,1.1275069453619765e-05,-0.08792233998653165,3.887307926040383e-05,-0.14882066410647887
31.824,1.1699732701688816e-05,-0.08871890400012228,-6.950659678291518e-05,-0.09103274240387682,1.2012753747740919e-05,-0.08906682752173734,1.151532834161098e-05,-0.08916921449664261,3.42787819918762e-05,-0.14201231157762095
31.904,1.0659416375918655e-05,-0.09045729156665983,-5.387997628004265e-05,-0.1028355473920548,1.0832816580043717e-05,-0.0894506124568134,1.095169376627049e-05,-0.08956438233787745,2.1436049557810657e-05,-0.12769216624659452
31.989,7.93865452859352e-06,-0.09186878128086251,-3.4985717265980515e-05,-0.10489431098508217,7.379754932962564e-06,-0.0914183777091151,7.75645153199174e-06,-0.0915353754751207,1.191085627243356e-05,-0.12028315454981953
32.092000000000006,4.420200429602374e-06,-0.09329022561130074,-1.4131803805435966e-05,-0.1080055718308981,3.868985514333088e-06,-0.0929845357240019,4.053303719100607e-06,-0.09310380038030919,1.7893141423998976e-06,-0.11261586645349009
32.175000000000004,3.541813639189144e-06,-0.0941524440382292,2.3408770655590494e-06,-0.10694530307567285,9.772389454737462e-07,-0.09483536857154462,7.300171306701478e-07,-0.0949560513078529,-4.416202821708355e-06,-0.10989052457628412
32.284000000000006,-1.4968719697534827e-06,-0.0976121095647498,1.920507966918575e-05,-0.10756576735328238,-2.286404426787847e-06,-0.09598410209246017,-2.7847880462970875e-06,-0.09610153610671396,-1.0626246885216822e-05,-0.10475193390675358
32.387,-3.978729380928019e-06,-0.09790643192266901,2.8017078152944158e-05,-0.10572465892956706,-4.241698558386797e-06,-0.09759603142650275,-4.445780389081971e-06,-0.097707752372729,-1.5350869824546504e-05,-0.10106512534853218
32.477000000000004,-5.04940863399906e-06,-0.09822924220978307,3.4372465806863095e-05,-0.10494466767325261,-5.209044711793238e-06,-0.09875242217498986,-6.42555755126905e-06,-0.09887192768905823,-1.7688454909801747e-05,-0.09920174025291623
32.572,-4.37766783599209e-06,-0.09922471324388837,2.9962238657040008e-05,-0.103159681164668,-4.519562522240297e-06,-0.09975994083746786,-4.69482141530423e-06,-0.09988510468252709,-1.6370186883504258e-05,-0.09797056007144866
32.651,-3.5126081736232273e-06,-0.10000747741274713,2.5981330604838218e-05,-0.10155327180258267,-3.618480389234839e-06,-0.10054650238780721,-3.6160096420602764e-06,-0.10067442263778076,-1.5234232399919008e-05,-0.09721832575908224
32.732000000000006,-1.6774532234668446e-06,-0.1007339178327567,2.059949647887846e-05,-0.09988676940164032,-3.2064297974254696e-06,-0.1012699905993249,-2.3072735218267193e-06,-0.10140313091381509,-1.3408339936158559e-05,-0.09670619125246299
32.818000000000005,-1.3704693926823788e-06,-0.10133143563460673,1.498485088966689e-05,-0.0983482950337915,-8.076812041167905e-07,-0.10186497866861505,-1.2827825401698356e-06,-0.10200317300004885,-1.152391775269962e-05,-0.09645211766293788
32.916000000000004,4.2514958432677413e-07,-0.10171555716815589,6.791434636704147e-06,-0.09764178623763708,7.549903126560439e-07,-0.10213881480613068,6.737708412897503e-07,-0.1022808563940048,-8.645345374976715e-06,-0.09622298539407154
33.003,2.3633886989922817e-06,-0.10199461668495369,-1.2467109255179937e-06,-0.10376470143482797,2.087695762270289e-06,-0.1001298839084317,2.160932400515486e-06,-0.10027002003355845,-5.365305936259196e-06,-0.0938407779382282
33.074000000000005,3.1653095063418485e-06,-0.10206306303519758,-5.213566767092032e-06,-0.10596418185801393,2.8753638287642644e-06,-0.09939858552406583,2.908900361086285e-06,-0.09953472912212186,-3.7360069291012335e-06,-0.09303944046060081
33.154,3.920069556385963e-06,-0.1020575658908267,-9.69001129359423e-06,-0.09633338933649704,3.960518117058706e-06,-0.10260331773512732,3.984445405775909e-06,-0.10273524932727063,-2.175021785626348e-06,-0.0962704777102783
33.255,5.885479641544976e-06,-0.1026648938973635,-1.4049961046286308e-05,-0.09586276015944484,4.210131251399657e-06,-0.10251226730136492,4.257194759059273e-06,-0.10263837640359158,-3.028446057167303e-07,-0.09632170223823516
33.323,3.9430276696696825e-06,-0.10176171806484763,-1.2713569147981482e-05,-0.0970842555002116,4.027018011124907e-06,-0.10232153801714255,3.7209706719434563e-06,-0.10244305331418452,1.0225527952425692e-06,-0.0963894351036137
33.417,3.6730513172950757e-06,-0.10154809564089678,-1.3589058233594645e-05,-0.09768240777430726,3.756595117933824e-06,-0.10210615248254845,4.2562369235660605e-06,-0.10222224822469622,1.903174874800552e-06,-0.09644109587755129
33.531000000000006,3.304014993247076e-06,-0.10123085055991338,-1.2312379298247758e-05,-0.09844329605391988,3.774116579272936e-06,-0.10178836422456966,2.734880760429763e-06,-0.10192949642551247,2.499366965297116e-06,-0.09660799273608461
33.61600000000001,2.08478043060064e-06,-0.10097540151861356,-6.179350181068424e-06,-0.10111317318114166,1.1088676240252407e-06,-0.10152115111185972,9.208091407237814e-07,-0.09964176513762807,2.0648929857187623e-06,-0.09674850905075699
33.698,2.8193662267392977e-07,-0.10077762443649574,-2.8005697508479144e-06,-0.1070848876388315,1.4227306847046373e-07,-0.09876958154076809,2.3201456604646925e-07,-0.09892564282188765,2.144345493657919e-06,-0.09444226356201701
33.790000000000006,-1.302390375535617e-06,-0.09868005448751138,1.6462878646879286e-06,-0.10751096550449213,-1.0654025254484834e-06,-0.09919831262544887,-9.744876330762195e-07,-0.09936078935137627,1.6959926693706565e-06,-0.09524987803117135
33.875,-1.3094717353553248e-06,-0.10051573857438156,2.9202169050043802e-06,-0.09980955905979427,-1.811139050524567e-06,-0.10103224459873061,-1.628774525115964e-06,-0.10120366792373292,1.8291684059906083e-06,-0.09743878984336063
33.956,-2.3567301966360282e-06,-0.10048598270673315,5.06006842362558e-06,-0.0996606455183866,-2.17524459711696e-06,-0.10099272921198887,-2.0711247713202027e-06,-0.10117262870461274,1.5430311414476108e-06,-0.09768801385827863
34.034000000000006,-2.722146874035644e-06,-0.10043412380362243,4.686414182070858e-06,-0.09952206573254818,-2.520366607508019e-06,-0.10091853348923313,-2.758753801746991e-06,-0.10110347949948567,3.3148531012206633e-06,-0.09802179747511058
34.124,-2.24435830647237e-06,-0.10039063279661742,5.4521789071663995e-06,-0.09947734882548498,-2.7208532196948756e-06,-0.10085496056797483,-2.5353138489291743e-06,-0.1010400323556212,2.0483464679300206e-06,-0.09823702545430157
34.209,-2.7980232305217095e-06,-0.10032451406683307,5.378595832385494e-06,-0.0994847153151055,-2.5619132025360425e-06,-0.10075210467326035,-2.5159894317793724e-06,-0.10093514115136004,2.4973300324516307e-06,-0.09850352479344104
34.316,-1.466504347658569e-06,-0.10029112009703287,1.442744005398025e-06,-0.09945365458173605,-9.000289989376589e-07,-0.1006989378695031,-1.8970463331558982e-06,-0.10088221085740631,2.820835674354101e-06,-0.0986740765943217
34.406000000000006,-1.5051296206091205e-06,-0.10132785741395414,8.70834152729566e-07,-0.09839928835692058,-1.3994232386299252e-06,-0.10059955374011068,-1.5061848681816037e-06,-0.10077703887122405,3.5399035746910834e-06,-0.09889626161779053
34.501000000000005,-2.556102240989025e-07,-0.10021508194636908,1.3797737142377808e-06,-0.10137366757850308,-1.5433648859440596e-06,-0.10058779157422493,-1.7901784495968909e-06,-0.09874517977618724,3.348087662128664e-06,-0.09921144389995584
34.608000000000004,-1.757140280297595e-06,-0.10027880432786945,1.7431268342967682e-06,-0.09887608491396205,-1.5735686302595711e-06,-0.10065667772942127,-1.4267675790746379e-06,-0.10075735036458905,3.014349655335903e-06,-0.09943108266415818
34.717000000000006,-1.1074616087713637e-06,-0.10032462333788822,-3.861970349492566e-06,-0.09830809574930766,7.118530737128259e-07,-0.10070206289450273,-5.0563309321634275e-08,-0.10094963445465116,4.308142193871871e-06,-0.09971558356365023
34.816,-1.6056543051673478e-06,-0.10030126410322235,-1.206416228048679e-06,-0.09825336090351378,-7.74317194005697e-07,-0.10068406759753909,-3.419761430544649e-08,-0.1009467090873217,3.6205853415254355e-06,-0.09981459830840311
34.901,-4.700134183495755e-07,-0.10307779136741596,-1.6865127351588932e-06,-0.09548279738794951,-5.151027197064159e-07,-0.10065609063000097,-1.402065606516921e-06,-0.1008483049810463,4.073694479731806e-06,-0.09993501563358725
34.998000000000005,-5.986302760987647e-07,-0.10016602797797394,-3.2027077146758176e-06,-0.09834615616556652,-5.861522013586237e-07,-0.1005843598932949,-3.600656809628691e-07,-0.10088507680480777,3.852280469371187e-06,-0.0999968491506058
35.091,-6.565323959900615e-07,-0.10014266355182519,-2.326767092282467e-06,-0.09842703418561471,-4.7531365607571957e-07,-0.10054958713834591,-3.5853836065531663e-07,-0.10087370167928553,3.817151505004432e-06,-0.10000701344492868
35.178000000000004,-5.821155071132622e-07,-0.09996057431125033,-2.0638574657998177e-06,-0.0989678786483128,-4.483971608841564e-07,-0.1003741089026608,-3.319255274499347e-07,-0.10072174882971469,3.4262956612489057e-06,0.4000243106919386
35.279,-6.738288260343603e-07,-0.09978089607194929,-1.8688791089214313e-06,-0.09245003771264226,-5.821430846967082e-07,-0.1002029262624331,-4.3563732324888166e-07,-0.10054770074354491,3.5604883429013814e-06,0.39298156079056956
35.376000000000005,-7.765296133428398e-07,-0.0995900689934657,-3.137879927905124e-06,-0.07825497094449985,-1.7228210714070533e-06,-0.09991854375350087,-5.547326195551316e-07,-0.10025218081440815,6.191963232211883e-06,0.3780157645058746
35.461000000000006,2.665586051947208e-07,-0.09930227648396403,-8.716818414328253e-06,-0.06359654155183236,-7.766751479107437e-07,-0.0997312569248586,-6.765533052330297e-07,-0.1000581974402058,9.903488262276439e-06,0.36268827240086077
35.558,-4.0044595493032853e-07,-0.09804128777489442,-2.1239630717463653e-05,-0.032220154729622974,-1.0094202135936883e-06,-0.0985045839839649,-7.973746648662697e-07,-0.09880471439320805,2.3446871550854807e-05,0.32757074088169036
35.655,-1.8203879541059398e-06,-0.09552063999031286,-3.046962552769386e-05,-0.004626036303265246,-1.7384884349836913e-06,-0.09601051462515005,-1.6232784379559273e-06,-0.09619681725275793,3.565178035474029e-05,0.2923540081714861
35.747,-1.122531362753379e-06,-0.09420385296498245,-3.932657463297587e-05,0.014954408899359117,-1.9028320530295809e-06,-0.09292680703948529,-1.7491278755605091e-06,-0.09320077672473558,4.410106592431847e-05,0.2653770278298442
35.835,-3.3365378056277734e-06,-0.08711481520237889,-4.1168525915609086e-05,0.0289748651681056,-3.230249040127829e-06,-0.08763729254317747,-2.705846946672065e-06,-0.08789124515023676,5.0441159708035886e-05,0.2336684877276875
35.92400000000001,-5.016714887996071e-06,-0.0827346006295812,-3.713997731462186e-05,0.03549666172876481,-4.903838330746514e-06,-0.08326197670659623,-4.809898169431774e-06,-0.08349930730755488,5.187042870279535e-05,0.21399922291496748
36.012,-7.602117455913701e-06,-0.07518210960748258,-2.912148998292924e-05,0.039465881545393044,-7.458135674150851e-06,-0.07570356909431271,-7.220343112706272e-06,-0.0759204213754648,5.140208622570006e-05,0.18734021853186705
36.101000000000006,-9.903159022437054e-06,-0.06828155014666454,-1.909745159391074e-05,0.038368836551988084,-9.997913762817452e-06,-0.06877657450012681,-9.484199489427289e-06,-0.06899143731122953,4.848272386859427e-05,0.1676807254060328
36.199000000000005,-1.1704690539003984e-05,-0.05879840550257591,-9.011877277288749e-06,0.032237292554811725,-1.1524643877150118e-05,-0.05926123131148646,-1.1443828927086563e-05,-0.05946651450781064,4.3685040620529414e-05,0.14528885876706127
36.295,-1.5439494985259282e-05,-0.04934009561823231,9.532049075045707e-06,0.018942061207300076,-1.5302002053730474e-05,-0.04769884406210749,-1.5148333055920067e-05,-0.04996661644254978,3.5885527310613834e-05,0.1260059513288883
36.387,-1.6471740510276903e-05,-0.03977360536374329,1.9608169978464415e-05,0.012051548855142424,-1.6188638162002722e-05,-0.040165029395768145,-1.6176225734928704e-05,-0.04037077580289093,2.9228434428743913e-05,0.10825786170725994
36.472,-1.6623239563785808e-05,-0.03226443781459895,2.5869726846327462e-05,0.0030089928992454995,-1.6508630606447416e-05,-0.032639207330788705,-1.6484809110600337e-05,-0.03283663099997289,2.37469524345061e-05,0.09473128324611504
36.557,-1.639819791258209e-05,-0.026956215723363527,2.8606673285292566e-05,-0.0041811753547745245,-1.6060347190057986e-05,-0.027318338018089847,-1.587044359371414e-05,-0.026556373434059186,1.9722315411062515e-05,0.08501210253028708
